﻿<WebPart xmlns:xsd="http://www.w3.org/2001/XMLSchema" xmlns:xsi="http://www.w3.org/2001/XMLSchema-instance" xmlns="http://schemas.microsoft.com/WebPart/v2">
  <Title>Content Editor</Title>
  <FrameType>None</FrameType>
  <Description>Allows authors to enter rich text content.</Description>
  <IsIncluded>true</IsIncluded>
  <ZoneID>WebPartZone1</ZoneID>
  <PartOrder>0</PartOrder>
  <FrameState>Normal</FrameState>
  <Height />
  <Width />
  <AllowRemove>true</AllowRemove>
  <AllowZoneChange>true</AllowZoneChange>
  <AllowMinimize>true</AllowMinimize>
  <AllowConnect>true</AllowConnect>
  <AllowEdit>true</AllowEdit>
  <AllowHide>true</AllowHide>
  <IsVisible>true</IsVisible>
  <DetailLink />
  <HelpLink />
  <HelpMode>Modeless</HelpMode>
  <Dir>Default</Dir>
  <PartImageSmall />
  <MissingAssembly>Cannot import this Web Part.</MissingAssembly>
  <PartImageLarge>/_layouts/15/images/mscontl.gif</PartImageLarge>
  <IsIncludedFilter />
  <Assembly>Microsoft.SharePoint, Version=16.0.0.0, Culture=neutral, PublicKeyToken=71e9bce111e9429c</Assembly>
  <TypeName>Microsoft.SharePoint.WebPartPages.ContentEditorWebPart</TypeName>
  <ContentLink xmlns="http://schemas.microsoft.com/WebPart/v2/ContentEditor" />
  <Content xmlns="http://schemas.microsoft.com/WebPart/v2/ContentEditor">
    <![CDATA[{0}]]>
  </Content>
  <PartStorage xmlns="http://schemas.microsoft.com/WebPart/v2/ContentEditor" />
</WebPart>