﻿<?xml version="1.0" encoding="utf-8" ?>
<pages xmlns:ak="http://www.w3.org/ak">
  <page name="Home.aspx">
    <zone name="WebPartZone1">
      <contenteditor>
        <h2>Welcome to {{SiteTitle}} Sample Subsite</h2>
      </contenteditor>
    </zone>
    <zone name="WebPartZone2">
      <contenteditor>
        <h3>Some sample subsite content 2</h3>
      </contenteditor>
    </zone>
    <zone name="WebPartZone3">
      <contenteditor>
        <h4>Some sample subsite content 3</h4>
      </contenteditor>
    </zone>
  </page>
  <page name="Sample.aspx">
    <zone name="WebPartZone1">
      <contenteditor>
        This is a sample subsite page
      </contenteditor>
    </zone>
  </page>
</pages>